,year,award year,movie,producers,winner,TMDB_id,imdb_id,budget,revenue,popularity,genre,adult,production_companies,release_date,vote_average,runtime(mins),average_rating_c,liked_count_c,not_liked_count_c,rating_count_c,state_c,value_c,average_rating_a,liked_count_a,not_liked_count_a,rating_count_a,review_count_a,value_a
0,2000,(73rd),Chocolat,"David Brown, Kit Golden and Leslie Holleran",False,392,tt0241303,25000000,152500343,16.956,Comedy,False,"['Fat Free', 'Miramax', 'David Brown Productions']",2000-12-22,7.0,121,6.0,75.0,44.0,119.0,fresh,63.0,4.0,35771,7232,329145,13002,83
1,2000,(73rd),"Crouching Tiger, Hidden Dragon","Bill Kong, Hsu Li Kong and Ang Lee",False,146,tt0190332,17000000,213525736,24.728,Adventure,False,"['China Film Co-Production Corporation', 'Columbia Pictures Film Production Asia', 'Good Machine', 'Asia Union Film & Entertainment Ltd.', 'United China Vision', 'Zoom Hunt International Productions Company Ltd.', 'Sony Pictures Classics', 'Edko Films', 'Ang Lee Productions', 'Columbia Pictures']",2000-07-06,7.41,120,8.7,166.0,4.0,170.0,certified-fresh,98.0,4.1,29180,4725,427892,13700,86
2,2000,(73rd),Erin Brockovich,"Danny DeVito, Michael Shamberg and Stacey Sher",False,462,tt0195685,52000000,256271286,23.903,Drama,False,['Jersey Films'],2000-03-17,7.42,131,7.5,127.0,23.0,150.0,certified-fresh,85.0,3.9,13393,3174,418943,8239,81
3,2000,(73rd),Gladiator,"Douglas Wick, David Franzoni and Branko Lustig",True,98,tt0172495,103000000,465361176,63.604,Action,False,"['Universal Pictures', 'Scott Free Productions', 'Red Wagon Entertainment', 'Mill Film', 'C & L', 'Dawliz', 'DreamWorks Pictures']",2000-05-04,8.21,155,7.4,205.0,52.0,257.0,certified-fresh,80.0,3.8,170538,24401,34128168,1652336,87
4,2000,(73rd),Traffic,"Edward Zwick, Marshall Herskovitz and Laura Bickford",False,1900,tt0181865,48000000,207515725,22.661,Thriller,False,"['USA Films', 'Compulsion Inc.', 'Initial Entertainment Group', 'Splendid Medien AG', 'Bedford Falls Productions']",2000-12-27,7.051,147,,,,,,,3.8,170538,24401,34128168,1652336,87
5,2001,(74th),A Beautiful Mind,Brian Grazer and Ron Howard,True,453,tt0268978,58000000,316800000,80.643,Drama,False,"['Universal Pictures', 'DreamWorks Pictures', 'Imagine Entertainment', 'Brian Grazer Productions']",2001-12-14,7.855,135,7.2,159.0,55.0,214.0,certified-fresh,74.0,4.3,81609,6576,491448,20882,93
6,2001,(74th),Gosford Park,"Robert Altman, Bob Balaban and David Levy",False,5279,tt0280707,19800000,87754044,16.547,Drama,False,"['Sandcastle 5', 'Chicagofilms', 'Medusa Film']",2001-11-07,6.9,137,7.6,144.0,21.0,165.0,certified-fresh,87.0,3.8,6161,1742,48630,2471,78
7,2001,(74th),In the Bedroom,"Graham Leader, Ross Katz and Todd Field",False,1999,tt0247425,1700000,44763181,10.853,Drama,False,"['Good Machine', 'Standard Film Company', 'GreenStreet Films', 'Miramax']",2001-11-23,6.9,130,7.9,131.0,10.0,141.0,certified-fresh,93.0,3.9,2815,649,20189,1073,81
8,2001,(74th),The Lord of the Rings: The Fellowship of the Ring,"Peter Jackson, Fran Walsh and Barrie M. Osborne",False,120,tt0120737,93000000,871368364,105.799,Adventure,False,"['New Line Cinema', 'WingNut Films', 'The Saul Zaentz Company']",2001-12-18,8.406,179,8.2,215.0,20.0,235.0,certified-fresh,91.0,4.1,167643,8379,1355751,80557,95
9,2001,(74th),Moulin Rouge,"Martin Brown, Baz Luhrmann and Fred Baron",False,824,tt0203009,52500000,179213434,20.111,Drama,False,"['20th Century Fox', 'Bazmark']",2001-05-24,7.575,128,7.1,193.0,66.0,259.0,certified-fresh,75.0,4.3,77624,9269,505633,35605,89
10,2002,(75th),Chicago,Martin Richard,True,1574,tt0299658,45000000,306776732,19.741,Comedy,False,"['Miramax', 'Kalis Productions GmbH & Co. Zweite KG', 'The Producer Circle Co.', 'Zadan / Meron Productions']",2002-12-10,7.1,113,8.0,227.0,36.0,263.0,certified-fresh,86.0,4.0,36407,7388,439772,17491,83
11,2002,(75th),Gangs of New York,Alberto Grimaldi and Harvey Weinstein,False,3131,tt0217505,100000000,193772504,27.288,Drama,False,"['Miramax', 'Touchstone Pictures', 'Initial Entertainment Group', 'Alberto Grimaldi Productions']",2002-12-14,7.32,168,7.0,156.0,59.0,215.0,certified-fresh,73.0,3.9,28820,6722,294825,11175,81
12,2002,(75th),The Hours,Scott Rudin and Robert Fox,False,590,tt0274558,25000000,41597830,18.382,Drama,False,"['Paramount', 'Miramax', 'Scott Rudin Productions', 'Robert Fox Productions']",2002-12-27,7.3,114,,,,,,,3.9,28820,6722,294825,11175,81
13,2002,(75th),The Lord of the Rings: The Two Towers,"Barrie M. Osborne, Fran Walsh and Peter Jackson",False,121,tt0167261,79000000,926287400,80.402,Adventure,False,"['New Line Cinema', 'WingNut Films', 'The Saul Zaentz Company']",2002-12-18,8.388,179,8.5,246.0,12.0,258.0,certified-fresh,95.0,4.1,151447,8108,1341428,72895,95
14,2002,(75th),The Pianist,"Roman Polanski, Robert Benmussa and Alain Sarde",False,423,tt0253474,35000000,120100000,36.792,Drama,False,"['Canal+ Polska', 'Bac Films', 'Heritage Films', 'Studio Babelsberg', 'Agencja Produkcji Filmowej', 'FFF Bayern', 'Filmboard Berlin-Brandenburg (FBB)', 'R.P. Productions', 'StudioCanal', 'Canal+', 'TVP', 'Runteam', 'FFA']",2002-09-17,8.383,150,8.2,179.0,10.0,189.0,certified-fresh,95.0,4.4,47790,2234,253873,10831,96
15,2003,(76th),The Lord of the Rings: The Return of the King,"Barrie M. Osborne, Peter Jackson and Fran Walsh",True,122,tt0167260,94000000,1118888979,85.029,Adventure,False,"['New Line Cinema', 'WingNut Films', 'The Saul Zaentz Company']",2003-12-01,8.476,201,8.7,261.0,17.0,278.0,certified-fresh,94.0,3.6,193983,30876,34679773,2050091,86
16,2003,(76th),Lost in Translation,Ross Katz and Sofia Coppola,False,153,tt0335266,4000000,119723856,23.159,Drama,False,"['American Zoetrope', 'Focus Features', 'TFC', 'Elemental Films']",2003-09-18,7.393,102,8.4,224.0,11.0,235.0,certified-fresh,95.0,4.1,69521,11825,338123,22312,85
17,2003,(76th),Master and Commander: The Far Side of the World,"Samuel Goldwyn, Jr., Peter Weir and Duncan Henderson",False,8619,tt0311113,150000000,212011111,29.251,Adventure,False,"['20th Century Fox', 'Miramax', 'Universal Pictures', 'Samuel Goldwyn Films']",2003-11-14,7.1,138,7.6,191.0,33.0,224.0,certified-fresh,85.0,3.9,12119,2956,141450,5391,80
18,2003,(76th),Mystic River,"Robert Lorenz, Judie G. Hoyt and Clint Eastwood",False,322,tt0327056,25000000,156822020,31.112,Thriller,False,"['Warner Bros. Pictures', 'Village Roadshow Pictures', 'NPV Entertainment', 'Malpaso Productions']",2003-03-03,7.749,138,7.8,181.0,23.0,204.0,certified-fresh,89.0,4.1,24609,2995,204004,7594,89
19,2003,(76th),Seabiscuit,"Kathleen Kennedy, Frank Marshall and Gary Ross",False,4464,tt0329575,87000000,148300000,18.253,Drama,False,"['Universal Pictures', 'DreamWorks Pictures', 'Spyglass Entertainment', 'Larger Than Life Productions', 'The Kennedy/Marshall Company']",2003-07-22,7.0,141,7.1,162.0,46.0,208.0,certified-fresh,78.0,3.8,5952,1912,118520,2838,76
20,2004,(77th),The Aviator,Michael Mann and Graham King,False,2567,tt0338751,110000000,213700000,24.362,Drama,False,"['Warner Bros. Pictures', 'Miramax', 'Initial Entertainment Group', 'Forward Pass', 'Appian Way', 'IMF Internationale Medien und Film GmbH & Co. Produktions KG']",2004-12-17,7.2,170,,,,,,,3.8,5952,1912,118520,2838,76
21,2004,(77th),Finding Neverland,Richard N. Gladstein and Nellie Bellflower,False,866,tt0308644,25000000,116766556,15.672,Drama,False,"['Miramax', 'FilmColony']",2004-10-17,7.322,106,7.5,170.0,36.0,206.0,certified-fresh,83.0,4.1,40370,6137,465560,19216,87
22,2004,(77th),Million Dollar Baby,"Clint Eastwood, Albert S. Ruddy and Tom Rosenberg",True,70,tt0405159,30000000,216763646,31.589,Drama,False,"['Lakeshore Entertainment', 'Malpaso Productions', 'Epsilon Motion Pictures', 'Albert S. Ruddy Productions', 'Warner Bros. Pictures']",2004-12-15,7.955,132,8.4,244.0,26.0,270.0,certified-fresh,90.0,4.2,42847,4895,405499,15873,90
23,2004,(77th),Ray,"Taylor Hackford, Stuart Benjamin and Howard Baldwin",False,1677,tt0350258,40000000,124700000,20.075,Drama,False,"['Bristol Bay Productions', 'Universal Pictures', 'Anvil Films', 'Baldwin Entertainment Group']",2004-10-29,7.437,152,7.2,161.0,43.0,204.0,certified-fresh,79.0,4.1,19385,2866,214698,7349,87
24,2004,(77th),Sideways,Michael Londo,False,9675,tt0375063,16000000,109502303,16.207,Comedy,False,"['Fox Searchlight Pictures', 'Michael London Productions', 'Sideways Productions Inc.']",2004-10-22,7.087,127,8.6,223.0,8.0,231.0,certified-fresh,97.0,3.8,26465,7227,197951,10822,79
25,2005,(78th),Brokeback Mountain,Diana Ossana and James Schamus,False,142,tt0388795,14000000,178043761,30.606,Drama,False,"['Focus Features', 'River Road Entertainment', 'Alberta Film Entertainment']",2005-09-10,7.8,134,8.2,221.0,30.0,251.0,certified-fresh,88.0,4.0,41155,8823,520388,27156,82
26,2005,(78th),Capote,"Caroline Baron, William Vince and Michael Ohoven",False,398,tt0379725,7000000,49327405,15.075,Crime,False,"['United Artists', 'Sony Pictures Classics', 'A-Line Pictures', ""Cooper's Town Productions"", 'Infinity Media']",2005-09-30,6.992,114,,,,,,,4.0,41155,8823,520388,27156,82
27,2005,(78th),Crash,Paul Haggis and Cathy Schulman,True,1640,tt0375679,6500000,98400000,23.629,Drama,False,"['Lionsgate', 'Blackfriars Bridge Films', 'Yari Film Group', 'Bob Yari Productions', 'ApolloProScreen Filmproduktion', ""Bull's Eye Entertainment"", 'DEJ Productions', 'Harris Company']",2005-05-06,7.228,112,7.2,178.0,64.0,242.0,certified-fresh,74.0,4.2,70428,9410,442571,29797,88
28,2005,(78th),"Good Night, and Good Luck.",Grant Heslo,False,3291,tt0433383,7000000,54600000,17.872,Drama,False,"['Warner Independent Pictures', '2929 Productions', 'Redbus Pictures', 'TFC', 'Participant', 'Section Eight', 'Davis Films']",2005-09-16,7.1,92,,,,,,,4.2,70428,9410,442571,29797,88
29,2005,(78th),Munich,"Kathleen Kennedy, Steven Spielberg and Barry Mendel",False,612,tt0408306,70000000,130982129,23.412,Drama,False,"['Universal Pictures', 'DreamWorks Pictures', 'Alliance Atlantis', 'Amblin Entertainment', 'The Kennedy/Marshall Company', 'Barry Mendel Productions']",2005-12-23,7.145,164,7.5,163.0,45.0,208.0,certified-fresh,78.0,3.9,20782,4224,330481,10608,83
30,2006,(79th),Babel,"Alejandro González Iñárritu, Jon Kilik and Steve Golin",False,1164,tt0449467,25000000,135330182,18.298,Drama,False,"['Anonymous Content', 'Central Films', 'Zeta Film']",2006-10-26,7.184,143,6.8,143.0,64.0,207.0,fresh,69.0,3.8,46726,13945,377496,19816,77
31,2006,(79th),The Departed,Graham Kin,True,1422,tt0407887,90000000,291465000,41.703,Drama,False,"['Vertigo Entertainment', 'Media Asia Films', 'Initial Entertainment Group', 'Warner Bros. Pictures', 'Plan B Entertainment']",2006-10-04,8.166,151,8.3,260.0,27.0,287.0,certified-fresh,91.0,4.4,163636,11058,739208,58090,94
32,2006,(79th),Letters from Iwo Jima,"Clint Eastwood, Steven Spielberg and Robert Lorenz",False,1251,tt0498380,19000000,68673228,17.081,Action,False,"['Warner Bros. Pictures', 'DreamWorks Pictures', 'Malpaso Productions', 'Amblin Entertainment']",2006-12-19,7.5,141,8.2,186.0,18.0,204.0,certified-fresh,91.0,4.1,24402,3844,341233,10128,86
33,2006,(79th),Little Miss Sunshine,"David T. Friendly, Peter Saraf and Marc Turtletaub",False,773,tt0449059,8000000,100523181,15.594,Comedy,False,"['Fox Searchlight Pictures', 'Bona Fide Productions', 'Big Beach']",2006-07-26,7.678,102,7.7,199.0,20.0,219.0,certified-fresh,91.0,4.3,120312,11299,427833,45163,91
34,2006,(79th),The Queen,"Andy Harries, Christine Langan and Tracey Seaward",False,1165,tt0436697,15000000,123384128,12.911,Drama,False,"['Granada Productions', 'Pathé Renn Productions', 'BIM Distribuzione']",2006-09-15,7.0,103,8.4,197.0,7.0,204.0,certified-fresh,97.0,3.8,16110,5070,175722,9123,76
35,2007,(80th),Atonement,"Tim Bevan, Eric Fellner and Paul Webster",False,4347,tt0783233,30000000,131016624,24.296,Drama,False,"['Universal Pictures', 'Relativity Media', 'Working Title', 'StudioCanal', 'Focus Features']",2007-09-07,7.7,123,7.4,183.0,37.0,220.0,certified-fresh,83.0,3.9,59832,15221,227450,31938,80
36,2007,(80th),Juno,"Lianne Halfon, Mason Novick and Russell Smith",False,7326,tt0467406,7500000,232372681,23.426,Comedy,False,"['Mandate Pictures', 'Mr. Mudd Production', 'Mandate International']",2007-12-05,7.047,96,8.1,203.0,14.0,217.0,certified-fresh,94.0,4.2,196479,27526,549831,76859,88
37,2007,(80th),Michael Clayton,"Sydney Pollack, Jennifer Fox and Kerry Orent",False,4566,tt0465538,25000000,92991835,14.479,Drama,False,"['Castle Rock Entertainment', 'Mirage Enterprises', 'Section Eight', 'Samuels Media']",2007-09-28,6.8,120,7.6,186.0,20.0,206.0,certified-fresh,90.0,3.6,47832,21170,300162,21725,69
38,2007,(80th),No Country for Old Men,"Scott Rudin, Ethan Coen and Joel Coen",True,6977,tt0477348,25000000,171627166,38.348,Crime,False,"['Miramax', 'Paramount', 'Scott Rudin Productions', 'Mike Zoss Productions']",2007-06-13,7.936,122,8.7,270.0,19.0,289.0,certified-fresh,93.0,4.2,123250,19634,400564,60239,86
39,2007,(80th),There Will Be Blood,"JoAnne Sellar, Paul Thomas Anderson and Daniel Lupi",False,7345,tt0469494,25000000,77208711,36.278,Drama,False,"['Paramount Vantage', 'Miramax', 'Ghoulardi Film Company', 'JoAnne Sellar Productions']",2007-12-26,8.087,158,8.5,226.0,21.0,247.0,certified-fresh,91.0,4.2,73078,11849,256076,36743,86
40,2008,(81st),The Curious Case of Benjamin Button,"Kathleen Kennedy, Frank Marshall and Ceán Chaffin",False,4922,tt0421715,150000000,335802786,42.57,Drama,False,"['Paramount', 'Warner Bros. Pictures', 'The Kennedy/Marshall Company']",2008-12-25,7.581,166,,,,,,,4.2,73078,11849,256076,36743,86
41,2008,(81st),Frost/Nixon,"Brian Grazer, Ron Howard and Eric Fellner",False,11499,tt0870111,25000000,18593156,15.894,Drama,False,"['Universal Pictures', 'Imagine Entertainment', 'Working Title', 'StudioCanal', 'Relativity Media']",2008-10-15,7.311,122,,,,,,,4.2,73078,11849,256076,36743,86
42,2008,(81st),Milk,Dan Jinks and Bruce Cohen,False,10139,tt1013753,20000000,54600000,17.835,History,False,"['Groundswell Productions', 'Jinks/Cohen Company', 'Focus Features']",2008-11-05,7.252,128,8.0,227.0,18.0,245.0,certified-fresh,93.0,4.1,27874,3481,178202,11668,89
43,2008,(81st),The Reader,"Anthony Minghella, Sydney Pollack, Donna Gigliotti and Redmond Morris",False,8055,tt0976051,32000000,108902486,23.321,Drama,False,"['The Weinstein Company', 'Filmstiftung Nordrhein-Westfalen', 'Mirage Enterprises', 'Studio Babelsberg', 'FFA', 'Deutscher Filmförderfonds', 'Medienboard Berlin-Brandenburg', 'ARD', 'Mitteldeutsche Medienförderung']",2008-12-10,7.444,124,6.4,128.0,75.0,203.0,fresh,63.0,3.8,20013,5250,207081,10255,79
44,2008,(81st),Slumdog Millionaire,Christian Colso,True,12405,tt1010048,15000000,378410542,24.795,Drama,False,"['Celador Films', 'Film4 Productions']",2008-11-12,7.734,120,8.4,265.0,25.0,290.0,certified-fresh,91.0,4.3,79698,8783,1156126,50341,90
45,2009,(82nd),Avatar,James Cameron and Jon Landau,False,19995,tt0499549,237000000,2923706026,131.011,Action,False,"['Dune Entertainment', 'Lightstorm Entertainment', '20th Century Fox', 'Ingenious Media']",2009-12-15,7.575,162,7.5,273.0,62.0,335.0,certified-fresh,81.0,4.1,233650,50777,1387327,83471,82
46,2009,(82nd),The Blind Side,"Gil Netter, Andrew A. Kosove and Broderick Johnson",False,22881,tt0878804,29000000,309208309,38.841,Drama,False,"['Warner Bros. Pictures', 'Alcon Entertainment']",2009-11-20,7.695,129,6.1,135.0,71.0,206.0,fresh,66.0,4.1,71632,12806,432193,19522,85
47,2009,(82nd),District 9,Peter Jackson and Carolynne Cunningham,False,17654,tt1136608,30000000,210800000,36.408,Science Fiction,False,"['TriStar Pictures', 'Block / Hanson', 'WingNut Films', 'District 9']",2009-08-05,7.428,112,7.8,282.0,32.0,314.0,certified-fresh,90.0,4.0,82572,17541,1179090,39457,82
48,2009,(82nd),An Education,Finola Dwyer and Amanda Posey,False,24684,tt1174732,7500000,26096852,11.549,Drama,False,"['BBC Film', 'Wildgaze Films', 'Endgame Entertainment']",2009-10-29,6.9,100,7.9,185.0,13.0,198.0,certified-fresh,93.0,3.8,13897,3477,55054,4725,80
49,2009,(82nd),The Hurt Locker,"Kathryn Bigelow, Mark Boal, Nicolas Chartier and Greg Shapiro",True,12162,tt0887912,15000000,49230772,30.379,Drama,False,"['Film Capital Europe Funds (FCEF )', 'First Light', 'Kingsgate Films', 'Voltage Pictures', 'Grosvenor Park Media']",2008-10-10,7.257,131,8.5,281.0,10.0,291.0,certified-fresh,97.0,4.0,40148,7753,96472,13866,84
50,2009,(82nd),Inglourious Basterds,Lawrence Bende,False,16869,tt0361748,70000000,321457747,67.755,Drama,False,"['The Weinstein Company', 'Universal Pictures', 'A Band Apart', 'Zehnte Babelsberg Film', 'Visiona Romantica', 'Peninsula Films']",2009-08-19,8.216,153,7.8,298.0,37.0,335.0,certified-fresh,89.0,4.2,98325,13693,777561,36686,88
51,2009,(82nd),Precious: Based on the Novel 'Push' by Sapphire,"Lee Daniels, Sarah Siegel-Magness and Gary Magness",False,25793,tt0929632,10000000,47536959,18.18,Drama,False,['Smokewood Entertainment Group'],2009-11-06,7.334,110,,,,,,,4.2,98325,13693,777561,36686,88
52,2009,(82nd),A Serious Man,Joel Coen and Ethan Coen,False,12573,tt1019452,7000000,31400000,17.662,Comedy,False,"['Mike Zoss Productions', 'Focus Features', 'Relativity Media', 'Working Title Films', 'StudioCanal']",2009-09-30,6.751,106,7.9,200.0,24.0,224.0,certified-fresh,89.0,3.6,11208,5284,63264,5035,68
53,2009,(82nd),Up,Jonas River,False,14160,tt1049413,175000000,735099082,89.236,Animation,False,['Pixar'],2009-05-28,7.952,96,8.7,290.0,7.0,297.0,certified-fresh,98.0,4.3,112609,12739,1205143,42280,90
54,2009,(82nd),Up in the Air,"Daniel Dubiecki, Ivan Reitman and Jason Reitman",False,22947,tt1193138,25000000,166842739,17.111,Drama,False,"['Paramount', 'DreamWorks Pictures', 'Cold Spring Pictures', 'The Montecito Picture Company', 'Rickshaw Productions', 'Right of Way Films']",2009-09-05,6.854,110,8.1,260.0,28.0,288.0,certified-fresh,90.0,3.8,37267,9750,228692,14118,79
55,2010,(83rd),Black Swan,"Mike Medavoy, Brian Oliver and Scott Franklin",False,44214,tt0947798,13000000,329400000,38.516,Drama,False,"['Fox Searchlight Pictures', 'Cross Creek Pictures', 'Protozoa Pictures', 'Phoenix Pictures']",2010-12-03,7.677,108,7.2,5.0,1.0,6.0,fresh,83.0,3.8,190,68,1360,122,73
56,2010,(83rd),The Fighter,"David Hoberman, Todd Lieberman and Mark Wahlberg",False,45317,tt0964517,25000000,93617009,17.124,Drama,False,"['The Weinstein Company', 'Relativity Media', 'Mandeville Films', 'Closest to the Hole Productions', 'Protozoa Pictures']",2010-12-10,7.4,116,7.8,233.0,23.0,256.0,certified-fresh,91.0,4.1,43520,5277,121791,11223,89
57,2010,(83rd),Inception,Emma Thomas and Christopher Nolan,False,27205,tt1375666,160000000,825532764,115.757,Action,False,"['Legendary Pictures', 'Syncopy', 'Warner Bros. Pictures']",2010-07-15,8.366,148,8.2,321.0,49.0,370.0,certified-fresh,87.0,4.4,166116,15660,573970,41717,91
58,2010,(83rd),The Kids Are All Right,"Gary Gilbert, Jeffrey Levy-Hinte and Celine Rattray",False,39781,tt0842926,3500000,34705850,27.901,Comedy,False,"['Focus Features', 'Mandalay Vision', '10th Hole Productions', 'Gilbert Films', 'Saint Aire Production', 'Artist International', 'Antidote Films', 'Artist International Management']",2010-07-09,6.593,106,7.8,210.0,18.0,228.0,certified-fresh,92.0,3.7,15018,5407,63682,4672,74
59,2010,(83rd),The King's Speech,"Iain Canning, Emile Sherman and Gareth Unwin",True,45269,tt1504320,15000000,414211549,31.702,Drama,False,"['The Weinstein Company', 'UK Film Council', 'Momentum Pictures', 'Aegis Film Fund', 'Molinare Investment', 'FilmNation Entertainment', 'See-Saw Films', 'Bedlam Productions']",2010-11-26,7.742,118,,,,,,,3.7,15018,5407,63682,4672,74
60,2010,(83rd),127 Hours,"Christian Colson, Danny Boyle and John Smithson",False,44115,tt1542344,18000000,35692920,22.006,Adventure,False,"['Fox Searchlight Pictures', 'Pathé', 'Everest Entertainment', 'HandMade Films', 'Film4 Productions', 'Cloud Eight Films', 'Dune Entertainment']",2010-11-12,7.075,94,8.2,222.0,17.0,239.0,certified-fresh,93.0,4.0,36238,6511,96183,10441,85
61,2010,(83rd),The Social Network,"Scott Rudin, Dana Brunetti, Michael De Luca and Ceán Chaffin",False,37799,tt1285016,40000000,224920315,34.973,Drama,False,"['Columbia Pictures', 'Relativity Media', 'Scott Rudin Productions', 'Michael De Luca Productions', 'Trigger Street Productions']",2010-10-01,7.364,121,9.0,319.0,14.0,333.0,certified-fresh,96.0,4.1,81606,12683,205117,19874,87
62,2010,(83rd),Toy Story 3,Darla K. Anderso,False,10193,tt0435761,200000000,1066969703,63.132,Animation,False,"['Pixar', 'Walt Disney Pictures']",2010-06-16,7.792,103,8.9,308.0,5.0,313.0,certified-fresh,98.0,4.4,158569,18549,608602,26247,90
63,2010,(83rd),True Grit,"Scott Rudin, Ethan Coen and Joel Coen",False,44264,tt1403865,38000000,252300000,20.253,Drama,False,"['Paramount', 'Scott Rudin Productions', 'Mike Zoss Productions', 'Skydance']",2010-12-22,7.303,110,7.9,49.0,7.0,56.0,certified-fresh,88.0,4.0,4183,810,26259,1352,84
64,2010,(83rd),Winter's Bone,Anne Rosellini and Alix Madigan-Yorkin,False,39013,tt1399683,2000000,13831503,17.91,Drama,False,"['Anonymous Content', ""Winter's Bone Productions"", 'Fortissimo Films']",2010-06-11,6.8,101,,,,,,,4.0,4183,810,26259,1352,84
65,2011,(84th),The Artist,Thomas Langman,True,74643,tt1655442,15000000,133432856,13.059,Drama,False,"['uFilm', 'La Petite Reine', 'Studio 37', 'La Classe américaine', 'JD Prod', 'France 3 Cinéma', 'Jouror Productions']",2011-10-12,7.461,100,8.8,313.0,16.0,329.0,certified-fresh,95.0,4.2,27302,3942,58779,6656,87
66,2011,(84th),The Descendants,"Jim Burke, Alexander Payne and Jim Taylor",False,65057,tt1033575,20000000,177243185,19.832,Comedy,False,"['Dune Entertainment', 'Fox Searchlight Pictures', 'Ad Hominem Enterprises']",2011-09-09,6.831,115,,,,,,,4.2,27302,3942,58779,6656,87
67,2011,(84th),Extremely Loud & Incredibly Close,Scott Rudi,False,64685,tt0477302,40000000,55200000,15.822,Drama,False,"['Warner Bros. Pictures', 'Scott Rudin Productions']",2011-12-25,6.975,129,,,,,,,4.2,27302,3942,58779,6656,87
68,2011,(84th),The Help,"Brunson Green, Chris Columbus and Michael Barnathan",False,50014,tt1454029,25000000,216600000,53.999,Drama,False,"['DreamWorks Pictures', 'Reliance Entertainment', 'Participant', 'Imagenation Abu Dhabi FZ', '1492 Pictures', 'Harbinger Pictures']",2011-08-09,8.203,146,7.0,179.0,56.0,235.0,certified-fresh,76.0,4.2,44538,5555,108242,7673,89
69,2011,(84th),Hugo,Graham King and Martin Scorsese,False,44826,tt0970179,170000000,185770160,30.875,Adventure,False,"['GK Films', 'Infinitum Nihil']",2011-11-22,7.175,126,8.3,219.0,17.0,236.0,certified-fresh,93.0,3.9,36117,10040,83220,8506,78
70,2011,(84th),Midnight in Paris,Letty Aronson and Stephen Tenenbaum,False,59436,tt1605783,17000000,151119219,18.886,Fantasy,False,"['Pontchartrain Productions', 'Gravier Productions', 'Mediapro', 'Versátil Cinema', 'TV3', 'Firstep', 'Imagina International Sales']",2011-05-11,7.535,94,7.8,213.0,16.0,229.0,certified-fresh,93.0,4.0,34987,7333,82992,8100,83
71,2011,(84th),Moneyball,"Michael De Luca, Rachael Horovitz and Brad Pitt",False,60308,tt1210166,50000000,110206216,22.716,Drama,False,"['Columbia Pictures', 'Scott Rudin Productions', 'Michael De Luca Productions', 'Sidney Kimmel Entertainment', 'Specialty Films']",2011-09-23,7.3,134,8.0,259.0,16.0,275.0,certified-fresh,94.0,4.0,43753,6880,92503,7886,86
72,2011,(84th),The Tree of Life,"Sarah Green, Bill Pohlad, Dede Gardner and Grant Hill",False,8967,tt0478304,32000000,54700000,20.74,Drama,False,"['River Road Entertainment', 'Plan B Entertainment', 'Cottonwood Pictures']",2011-05-17,6.73,139,8.2,252.0,46.0,298.0,certified-fresh,85.0,3.4,13780,9083,61115,6465,60
73,2011,(84th),War Horse,Steven Spielberg and Kathleen Kennedy,False,57212,tt1568911,66000000,177584879,28.297,War,False,"['DreamWorks Pictures', 'Reliance Entertainment', 'Amblin Entertainment', 'The Kennedy/Marshall Company']",2011-12-25,7.308,146,7.0,183.0,61.0,244.0,certified-fresh,75.0,3.8,19708,7074,69909,5412,74
74,2012,(85th),Amour,"Margaret Menegoz, Stefan Arndt, Veit Heiduschka and Michael Katz",False,86837,tt1602620,8900000,29844753,15.148,Drama,False,"['wega film vienna', 'Les Films du Losange', 'X Filme Creative Pool']",2012-09-20,7.8,127,,,,,,,3.8,19708,7074,69909,5412,74
75,2012,(85th),Argo,"Grant Heslov, Ben Affleck and George Clooney",True,68734,tt1024648,44500000,232300000,24.502,Drama,False,"['GK Films', 'Warner Bros. Pictures', 'Smoke House Pictures']",2012-10-11,7.3,120,,,,,,,3.8,19708,7074,69909,5412,74
76,2012,(85th),Beasts of the Southern Wild,"Dan Janvey, Josh Penn and Michael Gottwald",False,84175,tt2125435,1800000,21107746,15.461,Drama,False,"['Cinereach', 'Court 13 Pictures', 'Journeyman Pictures', 'Department of Motion Pictures', 'Fox Searchlight Pictures', 'Seville International']",2012-06-29,6.8,93,8.3,182.0,28.0,210.0,certified-fresh,87.0,3.8,11168,3581,39420,2793,76
77,2012,(85th),Django Unchained,"Stacey Sher, Reginald Hudlin and Pilar Savone",False,68718,tt1853728,100000000,425368238,50.996,Drama,False,"['The Weinstein Company', 'Columbia Pictures']",2012-12-25,8.173,165,8.0,258.0,40.0,298.0,certified-fresh,87.0,4.3,123548,11426,431089,16120,92
78,2012,(85th),Les Misérables,"Tim Bevan, Eric Fellner, Debra Hayward and Cameron Mackintosh",False,82695,tt1707386,61000000,441800000,17.245,History,False,"['Universal Pictures', 'Working Title Films', 'Cameron Mackintosh Ltd.', 'Relativity Media']",2012-12-18,7.3,158,,,,,,,4.3,123548,11426,431089,16120,92
79,2012,(85th),Life of Pi,"Gil Netter, Ang Lee and David Womark",False,87827,tt0454876,120000000,609016565,44.895,Adventure,False,"['Fox 2000 Pictures', 'Dune Entertainment', 'Ingenious Media', 'Haishang Films', 'Netter Productions', 'India Take One Productions', 'Ingenious Film Partners', 'Big Screen Productions']",2012-11-20,7.397,127,7.9,220.0,35.0,255.0,certified-fresh,86.0,4.1,56798,10589,169627,9306,84
80,2012,(85th),Lincoln,Steven Spielberg and Kathleen Kennedy,False,72976,tt0443272,65000000,275293450,22.232,History,False,"['DreamWorks Pictures', 'Amblin Entertainment', 'Dune Entertainment', 'The Kennedy/Marshall Company', 'Participant', 'Reliance Entertainment', '20th Century Fox']",2012-11-09,6.862,149,,,,,,,4.1,56798,10589,169627,9306,84
81,2012,(85th),Silver Linings Playbook,"Donna Gigliotti, Bruce Cohen and Jonathan Gordon",False,82693,tt1045658,21000000,236412453,24.604,Drama,False,['The Weinstein Company'],2012-11-16,7.133,122,8.2,241.0,22.0,263.0,certified-fresh,92.0,4.1,84039,13606,261139,10599,86
82,2012,(85th),Zero Dark Thirty,"Mark Boal, Kathryn Bigelow and Megan Ellison",False,97630,tt1790885,40000000,132800000,25.216,Thriller,False,"['Annapurna Pictures', 'First Light', 'Zero Dark Thirty, LLC', 'Mark Boal Productions']",2012-12-19,6.989,157,8.6,281.0,27.0,308.0,certified-fresh,91.0,4.0,53982,13178,197618,7335,80
83,2013,(86th),American Hustle,"Charles Roven, Richard Suckle, Megan Ellison and Jonathan Gordon",False,168672,tt1800241,40000000,251171807,25.06,Drama,False,"['Annapurna Pictures', 'Atlas Entertainment']",2013-12-03,6.853,138,8.2,274.0,24.0,298.0,certified-fresh,92.0,3.8,54552,18888,176508,7853,74
84,2013,(86th),Captain Phillips,"Scott Rudin, Dana Brunetti and Michael De Luca",False,109424,tt1535109,55000000,218791811,15.692,Action,False,"['Columbia Pictures', 'Michael De Luca Productions', 'Scott Rudin Productions', 'Trigger Street Productions']",2013-10-10,7.552,134,8.3,262.0,19.0,281.0,certified-fresh,93.0,4.2,58004,7046,153018,6885,89
85,2013,(86th),Dallas Buyers Club,Robbie Brenner and Rachel Winter,False,152532,tt0790636,5000000,55736588,23.266,Drama,False,"['Truth Entertainment', 'Voltage Pictures', 'CE', 'Evolution Independent', 'R² Films', 'Rainmaker Films', 'Focus Features']",2013-11-01,7.932,117,7.8,245.0,21.0,266.0,certified-fresh,92.0,4.2,39759,4141,93289,4215,91
86,2013,(86th),Gravity,Alfonso Cuarón and David Heyman,False,49047,tt1454468,105000000,723192705,29.534,Science Fiction,False,"['Esperanto Filmoj', 'Warner Bros. Pictures', 'Heyday Films']",2013-10-03,7.162,91,8.9,347.0,16.0,363.0,certified-fresh,96.0,4.0,97570,25188,303995,16356,79
87,2013,(86th),Her,"Megan Ellison, Spike Jonze and Vincent Landay",False,152601,tt1798709,23000000,47351251,33.022,Romance,False,"['Annapurna Pictures', 'Warner Bros. Pictures']",2013-12-18,7.861,126,8.5,276.0,17.0,293.0,certified-fresh,94.0,4.0,40456,8712,102529,5991,82
88,2013,(86th),Nebraska,Albert Berger and Ron Yerxa,False,129670,tt1821549,12000000,27700000,12.182,Drama,False,"['Paramount Vantage', 'FilmNation Entertainment', 'Blue Lake Media Fund', 'Echo Lake Entertainment', 'Bona Fide Productions']",2013-09-21,7.4,115,8.0,231.0,24.0,255.0,certified-fresh,91.0,4.0,14758,3035,44937,2163,83
89,2013,(86th),Philomena,"Gabrielle Tana, Steve Coogan and Tracey Seaward",False,205220,tt2431286,12000000,100100000,11.372,Drama,False,"['Baby Cow Productions', 'BBC Film', 'Magnolia Mae Films', 'Pathe', 'BFI', 'Canal+', 'Ciné+']",2013-11-01,7.4,98,7.7,183.0,19.0,202.0,certified-fresh,91.0,4.1,15480,1982,52553,2200,89
90,2013,(86th),12 Years a Slave,"Brad Pitt, Dede Gardner, Jeremy Kleiner, Steve McQueen and Anthony Katagas",True,76203,tt2024544,20000000,187000000,43.569,Drama,False,"['New Regency Pictures', 'Plan B Entertainment', 'River Road Entertainment', 'Regency Enterprises', 'Film4 Productions']",2013-10-18,7.945,134,8.9,360.0,19.0,379.0,certified-fresh,95.0,4.3,49605,5767,140957,6219,90
91,2013,(86th),The Wolf of Wall Street,"Martin Scorsese, Leonardo DiCaprio, Joey McFarland and Emma Tillinger Koskoff",False,106646,tt0993846,100000000,392000000,102.014,Crime,False,"['Red Granite Pictures', 'Appian Way', 'Sikelia Productions', 'EMJAG Productions', 'Paramount']",2013-12-25,8.035,180,7.8,230.0,59.0,289.0,certified-fresh,80.0,4.0,69201,14505,182454,9463,83
92,2014,(87th),American Sniper,"Clint Eastwood, Robert Lorenz, Andrew Lazar, Bradley Cooper and Peter Morgan",False,190859,tt2179136,58800000,542300000,58.576,War,False,"['Warner Bros. Pictures', 'Village Roadshow Pictures', 'RatPac Entertainment', 'Mad Chance', '22nd & Indiana', 'Malpaso Productions']",2014-12-25,7.429,133,6.9,217.0,86.0,303.0,certified-fresh,72.0,4.1,56949,10638,154140,7274,84
93,2014,(87th),Birdman or (The Unexpected Virtue of Ignorance),"Alejandro G. Iñárritu, John Lesher and James W. Skotchdopole",True,194662,tt2562232,18000000,103215094,35.257,Drama,False,"['TSG Entertainment', 'Worldview Entertainment', 'New Regency Pictures', 'M Productions', 'Le Grisbi Productions']",2014-10-17,7.469,120,,,,,,,4.1,56949,10638,154140,7274,84
94,2014,(87th),Boyhood,Richard Linklater and Cathleen Sutherland,False,85350,tt1065073,4000000,48137666,19.021,Drama,False,"['Detour Filmproduction', 'IFC Productions']",2014-06-05,7.506,166,9.2,325.0,11.0,336.0,certified-fresh,97.0,4.0,30701,7449,90146,5127,80
95,2014,(87th),The Grand Budapest Hotel,"Wes Anderson, Scott Rudin, Steven Rales and Jeremy Dawson",False,120467,tt2278388,30000000,174600318,34.671,Comedy,False,"['Fox Searchlight Pictures', 'Scott Rudin Productions', 'Studio Babelsberg', 'Indian Paintbrush', 'TSG Entertainment', 'American Empirical Pictures']",2014-02-26,8.052,100,8.5,292.0,26.0,318.0,certified-fresh,92.0,4.1,44466,6952,98981,5609,86
96,2014,(87th),The Imitation Game,"Nora Grossman, Ido Ostrowsky and Teddy Schwarzman",False,205596,tt2084970,14000000,233600000,57.777,History,False,"['Bristol Automotive', 'Black Bear Pictures', 'FilmNation Entertainment']",2014-11-14,8.008,113,7.7,258.0,29.0,287.0,certified-fresh,90.0,4.2,46027,4375,104678,4803,91
97,2014,(87th),Selma,"Christian Colson, Oprah Winfrey, Dede Gardner and Jeremy Kleiner",False,273895,tt1020072,20000000,66787908,20.229,History,False,"['Plan B Entertainment', 'Harpo Films', 'Celador Films', 'Pathé', 'Cloud Eight Films']",2014-12-25,7.4,127,8.5,311.0,4.0,315.0,certified-fresh,99.0,4.1,16879,2843,61667,2376,86
98,2014,(87th),The Theory of Everything,"Tim Bevan, Eric Fellner, Lisa Bruce and Anthony McCarten",False,266856,tt2980516,15000000,123726688,22.477,Drama,False,['Working Title Films'],2014-11-26,7.9,123,,,,,,,4.1,16879,2843,61667,2376,86
99,2014,(87th),Whiplash,"Jason Blum, Helen Estabrook and David Lancaster",False,244786,tt2582802,3300000,13092000,59.529,Drama,False,"['Bold Films', 'Blumhouse Productions', 'Right of Way Films', 'Sierra/Affinity', 'Sony Pictures']",2014-10-10,8.4,107,8.6,289.0,19.0,308.0,certified-fresh,94.0,4.5,38327,2291,72258,5007,94
100,2015,(88th),The Big Short,"Brad Pitt, Dede Gardner and Jeremy Kleiner",False,318846,tt1596363,28000000,133346506,30.591,Comedy,False,"['Paramount', 'Regency Enterprises', 'Plan B Entertainment']",2015-12-11,7.351,131,7.8,293.0,36.0,329.0,certified-fresh,89.0,4.1,30512,4295,70095,3119,88
101,2015,(88th),Bridge of Spies,"Steven Spielberg, Marc Platt and Kristie Macosko Krieger",False,296098,tt3682448,40000000,165478348,18.593,Thriller,False,"['TSG Entertainment', 'Amblin Entertainment', 'Studio Babelsberg', 'Fox 2000 Pictures', 'Marc Platt Productions', 'Participant', 'Reliance Entertainment', 'DreamWorks Pictures']",2015-10-15,7.227,141,7.7,285.0,29.0,314.0,certified-fresh,91.0,4.0,24127,3717,65877,2604,87
102,2015,(88th),Brooklyn,Finola Dwyer and Amanda Posey,False,167073,tt2381111,11000000,62076141,15.581,Romance,False,"['Wildgaze Films', 'Item 7', 'Parallel Films', 'Fís Éireann/Screen Ireland']",2015-10-20,7.3,111,8.5,270.0,9.0,279.0,certified-fresh,97.0,4.1,15496,2300,47030,1797,87
103,2015,(88th),Mad Max: Fury Road,Doug Mitchell and George Miller,False,76341,tt1392190,150000000,378858340,138.873,Action,False,"['Warner Bros. Pictures', 'Village Roadshow Pictures', 'RatPac Entertainment', 'Kennedy Miller Mitchell']",2015-05-13,7.585,121,8.6,424.0,15.0,439.0,certified-fresh,97.0,4.2,70685,11913,130209,11213,86
104,2015,(88th),The Martian,"Simon Kinberg, Ridley Scott, Michael Schaefer and Mark Huffam",False,286217,tt3659388,108000000,630600000,42.675,Drama,False,"['Scott Free Productions', 'Genre Films']",2015-09-30,7.683,141,7.9,353.0,34.0,387.0,certified-fresh,91.0,4.3,67256,6455,132988,7203,91
105,2015,(88th),The Revenant,"Arnon Milchan, Steve Golin, Alejandro G. Iñárritu, Mary Parent and Keith Redmon",False,281957,tt1663202,135000000,532950503,47.504,Western,False,"['Monarchy Enterprises S.a.r.l.', 'Regency Enterprises', 'Appian Way', 'CatchPlay', 'Anonymous Content', 'New Regency Pictures', 'Hong Kong Alpha Motion Pictures Co.', 'M Productions', 'RatPac Entertainment']",2015-12-25,7.528,157,,,,,,,4.3,67256,6455,132988,7203,91
106,2015,(88th),Room,Ed Guine,False,264644,tt3170832,13000000,35401758,24.763,Drama,False,"['Elevation Pictures', 'Téléfilm Canada', 'Element Pictures', 'FilmNation Entertainment', 'No Trace Camping', 'Film4 Productions', 'Fís Éireann/Screen Ireland']",2015-10-16,8.03,118,8.5,295.0,22.0,317.0,certified-fresh,93.0,4.3,21521,1706,50158,2256,93
107,2015,(88th),Spotlight,"Michael Sugar, Steve Golin, Nicole Rocklin and Blye Pagon Faust",True,314365,tt1895587,20000000,98700000,20.063,Drama,False,"['Participant', 'Anonymous Content', 'Rocklin / Faust', 'First Look Media', 'Open Road Films', 'Entertainment One', 'Topic Studios', 'Seville International']",2015-11-06,7.8,129,8.8,372.0,12.0,384.0,certified-fresh,97.0,4.3,30940,2321,70986,3004,93
108,2016,(89th),Arrival,"Shawn Levy, Dan Levine, Aaron Ryder and David Linde",False,329865,tt2543164,47000000,203388186,48.056,Drama,False,"['FilmNation Entertainment', 'Lava Bear', '21 Laps Entertainment']",2016-11-10,7.592,116,8.4,417.0,25.0,442.0,certified-fresh,94.0,4.0,37654,8096,85260,6122,82
109,2016,(89th),Fences,"Scott Rudin, Denzel Washington and Todd Black",False,393457,tt2671706,24000000,64400000,23.859,Drama,False,"['Paramount', 'Scott Rudin Productions', 'MACRO', 'Bron Studios', 'Escape Artists']",2016-12-16,6.876,139,7.7,252.0,22.0,274.0,certified-fresh,92.0,3.8,8451,2762,36475,1527,75
110,2016,(89th),Hacksaw Ridge,Bill Mechanic and David Permut,False,324786,tt2119532,40000000,175302354,95.879,Drama,False,"['Vendian Entertainment', 'Summit Entertainment', 'Cross Creek Pictures', 'IM Global', 'Screen Australia', 'Screen NSW', 'Permut Presentations', 'Pandemonium', 'Demarest Films', 'Bliss Media', 'Kylin Pictures', 'AI Film']",2016-10-07,8.2,139,7.3,235.0,45.0,280.0,certified-fresh,84.0,4.3,24096,2251,56743,3462,91
111,2016,(89th),Hell or High Water,Carla Hacken and Julie Yorn,False,338766,tt2582782,12000000,37600000,22.991,Western,False,"['Sidney Kimmel Entertainment', 'Film 44', 'OddLot Entertainment', 'Estrella Media', 'Lionsgate', 'CBS Films', 'Sierra/Affinity']",2016-08-11,7.3,102,8.5,281.0,9.0,290.0,certified-fresh,97.0,4.1,16328,2136,40704,2223,88
112,2016,(89th),Hidden Figures,"Donna Gigliotti, Peter Chernin, Jenno Topping, Pharrell Williams and Theodore Melfi",False,381284,tt4846340,25000000,236000000,63.889,Drama,False,"['Fox 2000 Pictures', 'Levantine Films', 'Chernin Entertainment']",2016-12-10,8.058,127,7.6,302.0,22.0,324.0,certified-fresh,93.0,4.4,24149,1861,59118,2765,93
113,2016,(89th),La La Land,"Fred Berger, Jordan Horowitz and Marc Platt",False,313369,tt3783958,30000000,447407695,34.356,Comedy,False,"['Summit Entertainment', 'Black Label Media', 'Gilbert Films', 'Impostor Pictures', 'Marc Platt Productions', 'TIK Films']",2016-11-29,7.901,129,8.7,427.0,44.0,471.0,certified-fresh,91.0,4.1,29208,6713,73115,5141,81
114,2016,(89th),Lion,"Emile Sherman, Iain Canning and Angie Fielder",False,334543,tt3741834,12000000,140312928,22.761,Drama,False,"['The Weinstein Company', 'See-Saw Films', 'Screen Australia', 'Aquarius Films', 'Sunstar Entertainment']",2016-11-24,8.1,118,7.3,227.0,42.0,269.0,certified-fresh,84.0,4.3,13924,1327,40038,1593,91
115,2016,(89th),Manchester by the Sea,"Matt Damon, Kimberly Steward, Chris Moore, Lauren Beck and Kevin J. Walsh",False,334541,tt4034228,9000000,78988148,22.149,Drama,False,"['Pearl Street Films', 'K Period Media', 'B Story', 'The Affleck/Middleton Project', 'The Media Farm', 'Amazon Studios', 'Big Indie Pictures', 'CMP Entertainment', 'OddLot Entertainment']",2016-11-18,7.5,138,8.8,344.0,14.0,358.0,certified-fresh,96.0,3.9,15204,4324,50730,2594,78
116,2016,(89th),Moonlight,"Adele Romanski, Dede Gardner and Jeremy Kleiner",True,376867,tt4975722,4000000,65046687,39.167,Drama,False,"['A24', 'Plan B Entertainment', 'PASTEL']",2016-10-21,7.393,111,9.0,396.0,7.0,403.0,certified-fresh,98.0,3.9,15340,4146,46477,2266,79
117,2017,(90th),Call Me by Your Name,"Peter Spears, Luca Guadagnino, Emilie Georges and Marco Morabito",False,398818,tt5726616,4000000,43143046,48.007,Romance,False,"['La Cinéfacture', 'RT Features', 'Frenesy Film', ""Water's End Productions"", 'M.Y.R.A. Entertainment', 'CineFinance Italia']",2017-09-01,8.164,132,8.7,348.0,21.0,369.0,certified-fresh,94.0,4.3,7609,1238,17142,1889,86
118,2017,(90th),Darkest Hour,"Tim Bevan, Eric Fellner, Lisa Bruce, Anthony McCarten and Douglas Urbanski",False,399404,tt4555426,30000000,150847207,22.58,Drama,False,"['Perfect World Pictures', 'Working Title Films', 'Focus Features']",2017-11-22,7.352,125,,,,,,,4.3,7609,1238,17142,1889,86
119,2017,(90th),Dunkirk,Emma Thomas and Christopher Nolan,False,374720,tt5013056,150000000,527000000,35.933,War,False,"['Warner Bros. Pictures', 'Syncopy', 'RatPac Entertainment', 'Dombey Street Productions', 'Kaap Holland Film', 'StudioCanal', 'Canal+', 'Ciné+']",2017-07-19,7.456,107,6.9,3.0,2.0,5.0,fresh,60.0,3.7,75,29,435,37,72
120,2017,(90th),Get Out,"Sean McKittrick, Jason Blum, Edward H. Hamm Jr. and Jordan Peele",False,419430,tt5052448,4500000,255407969,45.316,Mystery,False,"['Monkeypaw Productions', 'Blumhouse Productions', 'QC Entertainment']",2017-02-24,7.619,104,8.3,395.0,8.0,403.0,certified-fresh,98.0,4.2,37358,5946,78476,6286,86
121,2017,(90th),Lady Bird,"Scott Rudin, Eli Bush and Evelyn O'Neill",False,391713,tt4925292,10000000,78966486,28.095,Drama,False,"['IAC Films', 'Scott Rudin Productions', 'Entertainment 360']",2017-09-01,7.271,94,8.8,397.0,4.0,401.0,certified-fresh,99.0,3.9,8951,2337,23753,2238,79
122,2017,(90th),Phantom Thread,"JoAnne Sellar, Paul Thomas Anderson, Megan Ellison and Daniel Lupi",False,400617,tt5776858,35000000,47756590,24.988,Drama,False,"['Focus Features', 'Annapurna Pictures', 'Perfect World Pictures', 'JoAnne Sellar Productions', 'Ghoulardi Film Company']",2017-12-25,7.3,130,8.5,327.0,32.0,359.0,certified-fresh,91.0,3.7,2648,1067,8227,934,71
123,2017,(90th),The Post,"Amy Pascal, Steven Spielberg and Kristie Macosko Krieger",False,446354,tt6294822,50000000,179769467,22.484,Drama,False,"['20th Century Fox', 'DreamWorks Pictures', 'Reliance Entertainment', 'Participant', 'Amblin Entertainment', 'Pascal Pictures', 'TSG Entertainment', 'Star Thrower Entertainment']",2017-12-22,6.999,116,7.9,360.0,48.0,408.0,certified-fresh,88.0,3.6,4046,1462,12624,1465,73
124,2017,(90th),The Shape of Water,Guillermo del Toro and J. Miles Dale,True,399055,tt5580390,19500000,195333312,32.053,Drama,False,"['Double Dare You Productions', 'Fox Searchlight Pictures', 'Bull Productions', 'TSG Entertainment']",2017-12-01,7.248,123,,,,,,,3.6,4046,1462,12624,1465,73
125,2017,(90th),"Three Billboards outside Ebbing, Missouri","Graham Broadbent, Pete Czernin and Martin McDonagh",False,359940,tt5027774,15000000,162729321,20.879,Crime,False,"['Blueprint Pictures', 'Cutting Edge Group', 'Fox Searchlight Pictures', 'Film4 Productions']",2017-12-01,8.081,115,8.4,376.0,41.0,417.0,certified-fresh,90.0,4.1,10084,1502,23793,2662,87
126,2018,(91st),Black Panther,Kevin Feig,False,284054,tt1825683,200000000,1349926083,72.086,Action,False,['Marvel Studios'],2018-02-13,7.389,135,8.3,511.0,20.0,531.0,certified-fresh,96.0,4.0,16250,4300,88211,9118,79
127,2018,(91st),BlacKkKlansman,"Sean McKittrick, Jason Blum, Raymond Mansfield, Jordan Peele and Spike Lee",False,487558,tt7349662,15000000,93411426,18.02,Comedy,False,"['Legendary Pictures', 'Monkeypaw Productions', 'Blumhouse Productions', 'QC Entertainment', '40 Acres and a Mule Filmworks', 'Focus Features', 'Perfect World Pictures']",2018-08-09,7.5,136,8.3,429.0,20.0,449.0,certified-fresh,96.0,4.0,6679,1439,12095,1790,83
128,2018,(91st),Bohemian Rhapsody,Graham Kin,False,424694,tt1727824,52000000,910800000,42.815,Music,False,"['20th Century Fox', 'Regency Enterprises', 'GK Films', 'TSG Entertainment']",2018-10-24,7.995,135,6.1,254.0,167.0,421.0,fresh,60.0,4.2,16182,2924,24408,6870,85
129,2018,(91st),The Favourite,"Ceci Dempsey, Ed Guiney, Lee Magiday and Yorgos Lanthimos",False,375262,tt5083738,15000000,95918706,24.381,Drama,False,"['Waypoint Entertainment', 'Element Pictures', 'Scarlet Films', 'Film4 Productions', 'Fox Searchlight Pictures']",2018-11-23,7.5,119,8.5,399.0,31.0,430.0,certified-fresh,93.0,3.6,3873,1680,7682,1601,70
130,2018,(91st),Green Book,"Jim Burke, Charles B. Wessler, Brian Currie, Peter Farrelly and Nick Vallelonga",True,490132,tt6966692,23000000,319700000,52.273,Drama,False,"['Participant', 'DreamWorks Pictures', 'Cinetic Media', 'Innisfree Pictures', 'Alibaba Pictures Group']",2018-11-16,8.244,130,7.2,283.0,83.0,366.0,certified-fresh,77.0,4.3,7622,817,11063,2229,91
131,2018,(91st),Roma,Gabriela Rodríguez and Alfonso Cuarón,False,426426,tt6155172,15000000,1140769,20.436,Drama,False,"['Participant', 'Esperanto Filmoj']",2018-08-25,7.7,135,8.9,391.0,18.0,409.0,certified-fresh,96.0,3.7,3202,1237,5950,1145,72
132,2018,(91st),A Star Is Born,"Bill Gerber, Bradley Cooper and Lynette Howell Taylor",False,332562,tt1517451,36000000,433888866,42.74,Music,False,"['Warner Bros. Pictures', 'Live Nation Productions', 'Metro-Goldwyn-Mayer', 'Peters Entertainment', 'Gerber Pictures', 'Joint Effort']",2018-10-03,7.501,136,8.0,483.0,53.0,536.0,certified-fresh,90.0,4.0,11949,3050,21501,4735,80
133,2018,(91st),Vice,"Dede Gardner, Jeremy Kleiner, Adam McKay and Kevin Messick",False,429197,tt6266538,60000000,76100000,20.972,Comedy,False,"['Plan B Entertainment', 'Gary Sanchez Productions', 'Annapurna Pictures']",2018-12-25,7.0,132,6.6,239.0,130.0,369.0,fresh,65.0,3.3,2519,1648,5429,1569,60
134,2019,(92nd),Ford v Ferrari,"Peter Chernin, Jenno Topping and James Mangold",False,359724,tt1950186,97600000,225508210,61.427,Drama,False,"['20th Century Fox', 'TSG Entertainment', 'Chernin Entertainment', 'Turnpike Films']",2019-11-13,8.013,153,7.8,333.0,28.0,361.0,certified-fresh,92.0,4.7,23696,481,24177,4840,98
135,2019,(92nd),The Irishman,"Martin Scorsese, Robert De Niro, Jane Rosenthal and Emma Tillinger Koskoff",False,398978,tt1302006,159000000,968853,31.562,Crime,False,"['Tribeca Productions', 'Sikelia Productions', 'Winkler Films']",2019-11-01,7.614,209,8.8,446.0,22.0,468.0,certified-fresh,95.0,4.3,906,152,1058,324,86
136,2019,(92nd),Jojo Rabbit,"Carthew Neal, Taika Waititi and Chelsea Winstanley",False,515001,tt2584384,14000000,82468705,33.816,Comedy,False,"['Fox Searchlight Pictures', 'Defender Films', 'Piki Films', 'TSG Entertainment', 'Czech Anglo Productions']",2019-10-18,8.0,108,7.6,346.0,86.0,432.0,certified-fresh,80.0,4.6,6181,367,6548,1374,94
137,2019,(92nd),Joker,"Todd Phillips, Bradley Cooper and Emma Tillinger Koskoff",False,475557,tt7286456,55000000,1074458282,71.826,Crime,False,"['Warner Bros. Pictures', 'Joint Effort', 'Village Roadshow Pictures', 'Bron Studios', 'DC Films']",2019-10-01,8.166,122,7.3,414.0,188.0,602.0,fresh,69.0,4.4,58776,7639,66415,23600,88
138,2019,(92nd),Little Women,Amy Pasca,False,331482,tt3281548,40000000,216600000,32.774,Drama,False,"['Columbia Pictures', 'Regency Enterprises', 'Pascal Pictures']",2019-12-25,7.9,135,8.5,419.0,24.0,443.0,certified-fresh,95.0,4.5,16705,1506,18211,3345,92
139,2019,(92nd),Marriage Story,Noah Baumbach and David Heyman,False,492188,tt7653254,18000000,2300000,24.807,Drama,False,['Heyday Films'],2019-09-28,7.749,137,,,,,,,4.5,16705,1506,18211,3345,92
140,2019,(92nd),1917,"Sam Mendes, Pippa Harris, Jayne-Ann Tenggren and Callum McDougall",False,530915,tt8579674,100000000,394638258,51.044,War,False,"['DreamWorks Pictures', 'Reliance Entertainment', 'New Republic Pictures', 'Neal Street Productions', 'Mogambo Films', 'Amblin Partners']",2019-12-25,7.991,119,8.3,418.0,54.0,472.0,certified-fresh,89.0,4.4,26941,3628,30569,6018,88
141,2019,(92nd),Once upon a Time...in Hollywood,"David Heyman, Shannon McIntosh and Quentin Tarantino",False,466272,tt7131622,95000000,374251247,48.285,Comedy,False,"['Heyday Films', 'Columbia Pictures', 'Bona Film Group']",2019-07-24,7.441,162,7.9,499.0,85.0,584.0,certified-fresh,85.0,3.8,18566,7875,26441,6406,70
142,2019,(92nd),Parasite,Kwak Sin Ae and Bong Joon Ho,True,496243,tt6751668,11363000,257591776,93.856,Comedy,False,['Barunson E&A'],2019-05-30,8.514,133,9.4,476.0,7.0,483.0,certified-fresh,99.0,4.5,6571,725,7296,1414,90
143,2020,(93rd),The Father,"David Parfitt, Jean-Louis Livi and Philippe Carcassonne",False,600354,tt10272386,6000000,21029340,27.17,Drama,False,"['Trademark Films', 'F Comme Film', 'Ciné-@', 'Embankment Films', 'Film4 Productions', 'Canal+', 'Ciné+', 'Orange Studio', 'Les Films du Cru', 'AG Studios NYC', 'Simon Friend Entertainment', 'Viewfinder', 'CAA Media Finance', 'Sony Pictures Classics']",2020-12-23,8.1,96,8.7,288.0,6.0,294.0,certified-fresh,98.0,4.3,2198,192,2390,662,92
144,2020,(93rd),Judas and the Black Messiah,"Shaka King, Charles D. King and Ryan Coogler",False,583406,tt9784798,26000000,6416063,24.079,Drama,False,"['MACRO', 'Bron Studios', 'Participant', 'Proximity Media', 'Warner Bros. Pictures']",2021-02-12,7.4,126,8.2,344.0,12.0,356.0,certified-fresh,97.0,4.6,482,26,508,178,95
145,2020,(93rd),Mank,"Ceán Chaffin, Eric Roth and Douglas Urbanski",False,614560,tt10618286,25000000,122252,14.976,Drama,False,['Netflix International Pictures'],2020-11-13,6.729,132,7.6,295.0,59.0,354.0,certified-fresh,83.0,3.4,1243,737,1980,476,63
146,2020,(93rd),Minari,Christina O,False,615643,tt10633456,2000000,12886100,22.578,Drama,False,['Plan B Entertainment'],2021-02-12,7.361,115,8.7,316.0,7.0,323.0,certified-fresh,98.0,4.1,1936,286,2222,496,87
147,2020,(93rd),Nomadland,"Frances McDormand, Peter Spears, Mollye Asher, Dan Janvey and Chloé Zhao",True,581734,tt9770150,5000000,14784114,16.235,Drama,False,"['Cor Cordium Productions', 'Hear/Say Productions', 'Highwayman Films']",2021-01-29,7.234,108,8.8,407.0,29.0,436.0,certified-fresh,93.0,4.1,472,102,574,313,82
148,2020,(93rd),Promising Young Woman,"Ben Browning, Ashley Fox, Emerald Fennell and Josey McNamara",False,582014,tt9620292,0,13868965,35.289,Thriller,False,"['LuckyChap Entertainment', 'FilmNation Entertainment']",2020-12-13,7.451,114,8.1,385.0,42.0,427.0,certified-fresh,90.0,4.3,582,85,667,175,87
149,2020,(93rd),Sound of Metal,Bert Hamelinck and Sacha Ben Harroche,False,502033,tt5363618,0,516520,24.769,Drama,False,"['Flat 7', 'Ward Four', 'Caviar']",2020-11-20,7.742,121,8.2,278.0,8.0,286.0,certified-fresh,97.0,4.1,2251,252,2503,506,90
150,2020,(93rd),The Trial of the Chicago 7,Marc Platt and Stuart Besser,False,556984,tt1070874,35000000,107423,18.78,Drama,False,"['DreamWorks Pictures', 'Marc Platt Productions']",2020-09-25,7.7,130,7.8,305.0,38.0,343.0,certified-fresh,89.0,4.2,2551,285,2836,475,90
151,2021,(94th),Belfast,"Laura Berwick, Kenneth Branagh, Becca Kovacik and Tamar Thomas",False,777270,tt12789558,11000000,49158343,14.915,Drama,False,"['Northern Ireland Screen', 'TKBC', 'Focus Features']",2021-11-12,7.117,98,7.8,288.0,46.0,334.0,certified-fresh,86.0,4.5,1013,91,1104,599,92
152,2021,(94th),CODA,"Philippe Rousselet, Fabrice Gianfermi and Patrick Wachsberger",True,776503,tt10366460,10000000,1600000,37.95,Drama,False,"['Vendôme Pictures', 'Pathé', 'Picture Perfect Entertainment']",2021-08-11,7.964,112,,,,,,,4.5,1013,91,1104,599,92
153,2021,(94th),Don't Look Up,Adam McKay and Kevin Messick,False,646380,tt11286314,75000000,791863,34.984,Comedy,False,['Hyperobject Industries'],2021-12-07,7.129,138,,,,,,,4.5,1013,91,1104,599,92
154,2021,(94th),Drive My Car,Teruhisa Yamamot,False,758866,tt14039582,0,15308325,23.905,Drama,False,"['Bitters End', 'C&I entertainment', 'Culture Entertainment', 'Agency for Cultural Affairs', 'J-LOD', 'nekojarashi', 'Quaras', 'Bungeishunju', ""L'espace Vision"", 'Nippan Group Holdings', 'The Asahi Shimbun']",2021-08-18,7.4,179,8.6,207.0,7.0,214.0,certified-fresh,97.0,3.9,827,236,1063,286,78
155,2021,(94th),Dune,"Mary Parent, Denis Villeneuve and Cale Boyter",False,438631,tt1160419,165000000,402027830,85.917,Science Fiction,False,['Legendary Pictures'],2021-09-15,7.787,155,7.6,423.0,86.0,509.0,certified-fresh,83.0,4.5,6226,718,6944,3218,90
156,2021,(94th),King Richard,"Tim White, Trevor White and Will Smith",False,614917,tt9620288,50000000,39429285,28.701,Drama,False,"['Star Thrower Entertainment', 'Westbrook Studios', 'Warner Bros. Pictures', 'Overbrook Entertainment']",2021-11-18,7.706,145,7.6,268.0,30.0,298.0,certified-fresh,90.0,4.7,1185,25,1210,598,98
157,2021,(94th),Licorice Pizza,"Sara Murphy, Adam Somner and Paul Thomas Anderson",False,718032,tt11271038,40000000,33300000,20.624,Drama,False,"['Metro-Goldwyn-Mayer', 'Focus Features', 'Bron Studios', 'Ghoulardi Film Company']",2021-11-26,7.0,133,8.3,293.0,32.0,325.0,certified-fresh,90.0,3.6,822,431,1253,548,66
158,2021,(94th),Nightmare Alley,"Guillermo del Toro, J. Miles Dale and Bradley Cooper",False,597208,tt7740496,60000000,39629195,43.671,Crime,False,"['Searchlight Pictures', 'Double Dare You Productions']",2021-12-02,6.997,150,7.7,56.0,8.0,64.0,certified-fresh,88.0,4.0,358,60,1756,136,86
159,2021,(94th),The Power of the Dog,"Jane Campion, Tanya Seghatchian, Emile Sherman, Iain Canning and Roger Frappier",False,600583,tt10293406,0,0,26.607,Drama,False,"['BBC Film', 'Cross City Films', 'New Zealand Film Commission', 'Bad Girl Creek', 'Max Films', 'See-Saw Films']",2021-10-25,6.8,128,8.4,340.0,22.0,362.0,certified-fresh,94.0,4.1,37,12,49,28,76
160,2021,(94th),West Side Story,Steven Spielberg and Kristie Macosko Krieger,False,511809,tt3581652,100000000,74500000,18.926,Drama,False,"['20th Century Studios', 'Amblin Entertainment', 'TSG Entertainment']",2021-12-08,7.0,156,8.4,107.0,9.0,116.0,certified-fresh,92.0,4.1,10827,2032,169298,5807,84
161,2022,(95th),All Quiet on the Western Front,Malte Gruner,False,49046,tt1016150,20000000,0,70.835,Drama,False,['Amusement Park Films'],2022-10-07,7.735,147,9.2,88.0,2.0,90.0,certified-fresh,98.0,4.2,2651,324,18173,894,89
162,2022,(95th),Avatar: The Way of Water,James Cameron and Jon Landau,False,76600,tt1630029,460000000,2320250281,338.229,Science Fiction,False,"['20th Century Studios', 'Lightstorm Entertainment']",2022-12-14,7.65,192,7.1,340.0,108.0,448.0,certified-fresh,76.0,4.6,22308,1961,24269,10788,92
163,2022,(95th),The Banshees of Inisherin,"Graham Broadbent, Pete Czernin and Martin McDonagh",False,674324,tt11813216,20000000,49262687,29.323,Drama,False,"['Searchlight Pictures', 'Blueprint Pictures', 'Film4 Productions', 'Metropolitan Films International', 'TSG Entertainment']",2022-10-20,7.464,114,8.7,350.0,15.0,365.0,certified-fresh,96.0,3.9,466,154,620,308,75
164,2022,(95th),Elvis,"Baz Luhrmann, Catherine Martin, Gail Berman, Patrick McCormick and Schuyler Weiss",False,614934,tt3704428,85000000,288670284,42.468,Drama,False,"['Warner Bros. Pictures', 'Bazmark', 'The Jackal Group']",2022-06-22,7.582,159,6.8,307.0,91.0,398.0,certified-fresh,77.0,4.6,12309,743,13052,6539,94
165,2022,(95th),Everything Everywhere All at Once,"Daniel Kwan, Daniel Scheinert and Jonathan Wang",True,545611,tt6710474,25000000,139200000,87.295,Action,False,"['A24', 'IAC Films', 'AGBO', 'Ley Line Entertainment', 'TPC', 'Year of the Rat']",2022-03-24,7.815,140,8.5,377.0,26.0,403.0,certified-fresh,94.0,4.4,4316,691,5007,1945,86
166,2022,(95th),The Fabelmans,"Kristie Macosko Krieger, Steven Spielberg and Tony Kushner",False,804095,tt14208870,40000000,45629909,48.037,Drama,False,"['Amblin Entertainment', 'Reliance Entertainment']",2022-11-11,7.71,151,8.2,359.0,31.0,390.0,certified-fresh,92.0,4.2,1271,265,1536,726,83
167,2022,(95th),Tár,"Todd Field, Alexandra Milchan and Scott Lambert",False,817758,tt14444726,35000000,29000000,37.083,Drama,False,"['Focus Features', 'Standard Film Company', 'EMJAG Productions', 'Deutscher Filmförderfonds']",2022-09-23,7.1,158,8.3,315.0,33.0,348.0,certified-fresh,91.0,3.9,336,121,457,222,74
168,2022,(95th),Top Gun: Maverick,"Tom Cruise, Christopher McQuarrie, David Ellison and Jerry Bruckheimer",False,361743,tt1745960,170000000,1488732821,233.234,Action,False,"['Skydance', 'Don Simpson/Jerry Bruckheimer Films', 'Paramount']",2022-05-24,8.246,131,8.2,456.0,20.0,476.0,certified-fresh,96.0,4.9,62970,783,63753,29698,99
169,2022,(95th),Triangle of Sadness,Erik Hemmendorff and Philippe Bober,False,497828,tt7322224,15600000,24733572,38.089,Comedy,False,"['30WEST', 'BBC Film', 'Bord Cadre Films', 'Coproduction Office', 'Film i Väst', 'Heretic', 'Imperative Entertainment', 'Sovereign Films', 'Plattform Produktion', 'SVT', 'BFI', 'Piano', 'ARTE France Cinéma', 'ZDF/Arte', 'Essential Filmproduktion', 'TRT Sinema']",2022-09-18,7.115,147,7.2,199.0,77.0,276.0,fresh,72.0,4.0,153,39,192,71,80
170,2022,(95th),Women Talking,"Dede Gardner, Jeremy Kleiner and Frances McDormand",False,777245,tt13669038,0,7589419,18.771,Drama,False,"['Plan B Entertainment', 'Hear/Say Productions', 'Orion Pictures']",2022-12-23,6.9,104,8.0,266.0,29.0,295.0,certified-fresh,90.0,4.2,272,66,338,174,80
